Full_Name,Loan_ID,Gender,Married,Dependents,Self_Employed,Salary,Loan_Amount,Loan_Amount_Term,Credit_History,Region,Loan_Status
 Vũ  Bích Châu,LP001002,Male,No,0,No,12301394,148990302,360,1,Hà Nội,Y
 Phan  Ánh Dương,LP001003,Male,Yes,1,No,15308552,140499200,360,1,Ninh Bình,N
 Hồ  Hồng Oanh,LP001005,Male,Yes,0,Yes,7062877,139143490,360,1,Hồ Chí Minh,Y
 Phạm  Bích Ngân,LP001006,Male,Yes,0,No,10580814,133414860,360,1,Hà Nội,Y
 Phạm  Ái Linh,LP001008,Male,No,0,No,14735933,244535293,360,1,Bắc Ninh,Y
 Dương  Gia Khanh,LP001011,Male,Yes,2,Yes,11663157,393586570,360,1,Bắc Ninh,Y
 Đặng  Ánh Nguyệt,LP001013,Male,Yes,0,No,7913727,291184188,360,1,Bắc Giang,Y
 Bùi  Anh Thơ,LP001014,Male,Yes,3+,No,5209430,271807837,360,0,Đà Nẵng,N
 Đỗ  Hạnh San,LP001018,Male,Yes,2,No,10613717,199749936,360,1,Bắc Giang,Y
 Hồ  Giáng Ngọc,LP001020,Male,Yes,1,No,12255055,439438329,360,1,Bắc Giang,N
 Đặng  Diệu Hồng,LP001024,Male,Yes,2,No,5142926,474238163,360,1,Hồ Chí Minh,Y
 Phan  Huệ Lâm,LP001027,Male,Yes,2,,15357893,112134650,360,1,Hồ Chí Minh,Y
Võ  Hà Tiên,LP001028,Male,Yes,2,No,8446112,120410000,360,1,Đà Nẵng,Y
 Hồ  Hạc Cúc,LP001029,Male,No,0,No,6049151,355102840,360,1,Bắc Ninh,N
 Phạm  Diễm My,LP001030,Male,Yes,2,No,6323189,241789282,120,1,Hà Nội,Y
 Đỗ  Ái Thy,LP001032,Male,No,0,No,9672054,107999030,360,1,Bắc Ninh,Y
 Phạm  Cẩm Ly,LP001034,Male,No,1,No,9199699,113311929,240,,Hồ Chí Minh,Y
Võ  Bảo Tiên,LP001036,Female,No,0,No,12714494,373599124,360,0,Bắc Giang,N
 Đỗ  Ðan Khanh,LP001038,Male,Yes,0,No,16209923,396111522,360,1,Bắc Giang,N
 Đặng  Duyên Nương,LP001041,Male,Yes,0,,5945383,207774635,,1,Đà Nẵng,Y
 Phan  Hạnh San,LP001043,Male,Yes,0,No,15481506,394606278,360,0,Đà Nẵng,N
Võ  Hương Liên,LP001046,Male,Yes,1,No,12508217,477679626,360,1,Hà Nội,Y
 Hoàng/Huỳnh  Hiền Nương,LP001047,Male,Yes,0,No,6622472,374450626,360,0,Hồ Chí Minh,N
 Dương  Bảo Thoa,LP001050,,Yes,2,No,7520003,267885726,360,0,Bắc Ninh,N
Võ  Duy Hạnh,LP001052,Male,Yes,1,,19274373,257498084,360,,Bắc Ninh,N
 Nguyễn  Hạnh My,LP001066,Male,Yes,0,Yes,13704064,207311064,360,1,Đà Nẵng,Y
 Nguyễn  Hồng Oanh,LP001068,Male,Yes,0,No,19208105,349537257,360,1,Đà Nẵng,Y
 Lê  Bích Ngà,LP001073,Male,Yes,2,No,11231997,379630332,360,1,Bắc Ninh,Y
 Lê  Hương Tiên,LP001086,Male,No,0,No,13239569,232510565,360,1,Ninh Bình,N
 Ngô  Hạnh My,LP001087,Female,No,2,,16443029,293182352,360,1,Hồ Chí Minh,Y
 Nguyễn  Bảo Quyên,LP001091,Male,Yes,1,,14730595,258189658,360,,Đà Nẵng,N
 Lý  Bích Hồng,LP001095,Male,No,0,No,11992440,162356895,360,1,Ninh Bình,N
Võ  Huyền Anh,LP001097,Male,No,1,Yes,5785505,151404530,360,1,Bắc Giang,N
 Dương  Diệu Hồng,LP001098,Male,Yes,0,No,10675314,376077121,360,1,Đà Nẵng,Y
 Lý  Bảo Quyên,LP001100,Male,No,3+,No,6779117,390094715,360,1,Hồ Chí Minh,N
 Dương  Họa Mi,LP001106,Male,Yes,0,No,13342127,436129459,360,1,Đà Nẵng,Y
 Vũ  Bích Thoa,LP001109,Male,Yes,0,No,10113944,157786609,,0,Hồ Chí Minh,N
Võ  Hiếu Hạnh,LP001112,Female,Yes,0,No,11599066,103768668,360,1,Hà Nội,Y
 Đỗ  Hồng Lâm,LP001114,Male,No,0,No,7217193,314806723,360,1,Hà Nội,Y
 Bùi  Hải Miên,LP001116,Male,No,0,No,8085694,422033823,360,1,Ninh Bình,Y
 Lê  Ánh Linh,LP001119,Male,No,0,No,14951559,148921924,360,1,Đà Nẵng,N
 Phan  Hoàng Yến,LP001120,Male,No,0,No,14541982,260898407,360,1,Bắc Ninh,Y
Võ  Hoài An,LP001123,Male,Yes,0,No,19845887,108500399,360,,Hồ Chí Minh,Y
 Hồ  Hồng Khanh,LP001131,Male,Yes,0,No,11698761,438115199,360,1,Hà Nội,Y
Võ  Hồng Liên,LP001136,Male,Yes,0,Yes,6149622,260279803,,1,Ninh Bình,Y
 Hồ  Bích Nga,LP001137,Female,No,0,No,7623339,164594076,,1,Bắc Ninh,Y
 Lê  Bích Hợp,LP001138,Male,Yes,1,No,16377882,461209529,360,1,Ninh Bình,Y
 Lê  Bích Ngà,LP001144,Male,Yes,0,No,14236213,145384575,360,1,Bắc Ninh,Y
 Bùi  Bích Hậu,LP001146,Female,Yes,0,No,18081363,303451637,360,0,Hồ Chí Minh,N
 Phan  Hoài Giang,LP001151,Female,No,0,No,13718949,366933997,360,1,Hồ Chí Minh,Y
 Hoàng/Huỳnh  Cẩm Nhung,LP001155,Female,Yes,0,No,15167364,382937182,360,1,Hà Nội,Y
 Phan  Giao Linh,LP001157,Female,No,0,No,9582787,168967795,360,1,Hồ Chí Minh,Y
 Hồ  Ánh Hoa,LP001164,Female,No,0,No,8508562,179264044,360,1,Hồ Chí Minh,N
 Lê  Huệ Phương,LP001179,Male,Yes,2,No,8027117,144998211,360,1,Đà Nẵng,N
 Đặng  Ánh Dương,LP001186,Female,Yes,1,Yes,17019132,109043041,360,0,Bắc Giang,N
Võ  Họa Mi,LP001194,Male,Yes,2,No,10439767,242800574,360,1,Bắc Ninh,Y
 Hồ  Bích Loan,LP001195,Male,Yes,0,No,19842576,160484217,360,1,Bắc Giang,Y
 Hồ  Dạ Yến,LP001197,Male,Yes,0,No,12229251,284335668,360,1,Đà Nẵng,N
 Đỗ  Hồng Nga,LP001198,Male,Yes,1,No,7735625,145340872,360,1,Đà Nẵng,Y
 Trần  Anh Thi,LP001199,Male,Yes,2,No,5670188,403827089,360,1,Hồ Chí Minh,Y
 Hoàng/Huỳnh  Ái Thy,LP001205,Male,Yes,0,No,13220003,315074660,360,1,Ninh Bình,Y
 Trần  Diệu Anh,LP001206,Male,Yes,3+,No,11458911,294433152,360,1,Hà Nội,Y
 Hồ  Cẩm Linh,LP001207,Male,Yes,0,Yes,14226871,465851418,180,0,Hồ Chí Minh,N
 Phạm  Anh Thy,LP001213,Male,Yes,1,No,8752515,203089780,360,0,Ninh Bình,N
Võ  Ðan Khanh,LP001222,Female,No,0,No,6256487,392280626,360,0,Hà Nội,N
 Ngô  Bảo Thúy,LP001225,Male,Yes,0,No,7546245,202114524,360,1,Hồ Chí Minh,N
 Bùi  Hương Thu,LP001228,Male,No,0,No,10367610,486849957,180,0,Bắc Giang,N
 Bùi  Diệu Hạnh,LP001233,Male,Yes,1,No,4045705,322248582,360,1,Hà Nội,Y
 Bùi  Băng Tâm,LP001238,Male,Yes,3+,Yes,6422810,385087309,60,1,Hồ Chí Minh,Y
 Phan  Hồng Khuê,LP001241,Female,No,0,No,7107277,107676950,360,0,Bắc Giang,N
Võ  Hồng Xuân,LP001243,Male,Yes,0,No,19919977,476539624,360,1,Ninh Bình,Y
 Hồ  Anh Thơ,LP001245,Male,Yes,2,Yes,19988483,285162975,360,1,Đà Nẵng,Y
 Dương  Hồng Vân,LP001248,Male,No,0,No,8589254,353467723,300,1,Bắc Giang,Y
 Hồ  Bích Ðào,LP001250,Male,Yes,3+,No,15526874,335859959,,0,Hà Nội,N
 Phạm  Bảo Thoa,LP001253,Male,Yes,3+,Yes,10761866,450042777,360,1,Bắc Giang,Y
 Hồ  Diễm Châu,LP001255,Male,No,0,No,13926852,153122731,480,1,Ninh Bình,N
 Đặng  Bạch Mai,LP001256,Male,No,0,No,19866069,295076761,360,1,Hồ Chí Minh,N
 Phạm  Bích Phượng,LP001259,Male,Yes,1,Yes,16375908,115464998,360,1,Hồ Chí Minh,N
Võ  Cẩm Nhi,LP001263,Male,Yes,3+,No,17282896,128359391,300,0,Đà Nẵng,N
 Đặng  Ðoan Trang,LP001264,Male,Yes,3+,Yes,14837479,191280331,360,,Hà Nội,Y
 Trần  Bích Phượng,LP001265,Female,No,0,No,18295357,144643884,360,1,Hồ Chí Minh,Y
 Ngô  Huệ My,LP001266,Male,Yes,1,Yes,17943502,296131576,360,1,Ninh Bình,Y
 Lê  Diệu Hoa,LP001267,Female,Yes,2,No,6207819,479450181,360,1,Hồ Chí Minh,N
 Đỗ  Bích Phượng,LP001273,Male,Yes,0,No,8928198,286934229,360,,Ninh Bình,N
 Hồ  Hương Nhi,LP001275,Male,Yes,1,No,17646661,340195985,240,1,Bắc Giang,Y
 Vũ  Huệ An,LP001279,Male,No,0,No,5949857,362329596,360,1,Ninh Bình,Y
 Bùi  Diễm Châu,LP001280,Male,Yes,2,No,8899319,295444804,360,,Bắc Giang,Y
 Ngô  Hồng Diễm,LP001282,Male,Yes,0,No,14443351,443440226,360,1,Bắc Giang,Y
 Hồ  Bảo Hà,LP001289,Male,No,0,No,6828241,278453656,360,1,Ninh Bình,Y
 Lê  Hồng Vân,LP001310,Male,Yes,0,No,13734583,148418350,360,1,Bắc Giang,Y
 Bùi  Ánh Linh,LP001316,Male,Yes,0,No,6112891,395859173,360,1,Hà Nội,Y
 Trần  Diệu Huyền,LP001318,Male,Yes,2,No,6655086,401908165,180,1,Bắc Ninh,Y
 Nguyễn  Diễm Phước,LP001319,Male,Yes,2,No,5243744,315223381,360,1,Hồ Chí Minh,Y
 Trần  Bảo Bình,LP001322,Male,No,0,No,7273452,445197609,360,1,Bắc Ninh,Y
 Vũ  Hoàng Cúc,LP001325,Male,No,0,No,10566075,338153373,120,1,Hà Nội,Y
 Lê  Hồng Thu,LP001326,Male,No,0,,11215168,403431789,360,,Đà Nẵng,N
 Phạm  Bảo Quyên,LP001327,Female,Yes,0,No,19133322,173787816,360,1,Bắc Giang,Y
 Vũ  Ðông Nhi,LP001333,Male,Yes,0,No,8622495,152748640,360,1,Hồ Chí Minh,Y
 Lý  Cẩm Nhi,LP001334,Male,Yes,0,No,3087578,300195868,180,1,Hà Nội,Y
 Hồ  Bích Thu,LP001343,Male,Yes,0,No,17932591,410456749,360,1,Hà Nội,Y
 Đặng  An Nhàn,LP001345,Male,Yes,2,No,14649752,202195938,180,1,Hà Nội,Y
 Lê  Hạnh San,LP001349,Male,No,0,No,14624103,351840920,360,1,Ninh Bình,Y
 Lê  Băng Tâm,LP001350,Male,Yes,,No,19819165,153758340,360,1,Hà Nội,Y
 Hoàng/Huỳnh  Bích Liên,LP001356,Male,Yes,0,No,14079228,475702055,360,1,Ninh Bình,Y
 Đặng  Cẩm Hiền,LP001357,Male,,,No,17371712,102111618,360,1,Đà Nẵng,Y
 Dương  Hoàng Hà,LP001367,Male,Yes,1,No,17498386,214054868,360,1,Hà Nội,Y
 Phạm  Diễm Kiều,LP001369,Male,Yes,2,No,17484541,358293373,360,1,Ninh Bình,Y
 Phạm  Gia Nhi,LP001370,Male,No,0,,11835385,266520617,360,1,Bắc Giang,N
 Lê  Hương Trang,LP001379,Male,Yes,2,No,17483860,308732743,360,0,Ninh Bình,N
 Lê  Dạ Yến,LP001384,Male,Yes,3+,No,12560081,147854083,480,1,Bắc Giang,Y
 Đặng  Hải Ðường,LP001385,Male,No,0,No,14110665,361024090,360,1,Hồ Chí Minh,Y
 Phan  Hải My,LP001387,Female,Yes,0,,12567143,450203585,360,1,Ninh Bình,Y
 Trần  Ánh Dương,LP001391,Male,Yes,0,No,7519427,268043910,,0,Ninh Bình,N
 Đặng  Cẩm Yến,LP001392,Female,No,1,Yes,16765424,217077183,360,1,Hà Nội,Y
 Hồ  Hiền Chung,LP001398,Male,No,0,,7619072,361338409,360,1,Bắc Giang,Y
 Lê  Dã Thảo,LP001401,Male,Yes,1,No,16785567,451887478,180,1,Đà Nẵng,Y
 Phạm  Bích Hải,LP001404,Female,Yes,0,No,14860404,387865183,360,1,Hồ Chí Minh,Y
 Vũ  Bảo Lan,LP001405,Male,Yes,1,No,9211634,188201340,360,,Đà Nẵng,Y
 Ngô  Duyên My,LP001421,Male,Yes,0,No,4171728,201187737,360,1,Hà Nội,N
 Dương  Ái Nhi,LP001422,Female,No,0,No,14843260,391988139,360,1,Hồ Chí Minh,Y
 Nguyễn  Hồng Hoa,LP001426,Male,Yes,,No,3150013,205627246,360,1,Hà Nội,Y
 Đỗ  Hiền Mai,LP001430,Female,No,0,No,15403413,445416279,360,1,Hà Nội,Y
 Ngô  Hải Anh,LP001431,Female,No,0,No,5968150,182204082,360,0,Đà Nẵng,Y
 Lê  Bích Vân,LP001432,Male,Yes,2,No,3065507,390271569,360,1,Đà Nẵng,Y
 Nguyễn  Huyền Trang,LP001439,Male,Yes,0,No,13644190,107871268,360,1,Hồ Chí Minh,Y
 Vũ  Bảo Anh,LP001443,Female,No,0,No,6718430,443906523,360,,Đà Nẵng,Y
 Dương  Hiếu Giang,LP001448,,Yes,3+,No,7853045,287320204,360,1,Đà Nẵng,Y
 Lê  Hạnh Phương,LP001449,Male,No,0,No,8426702,474374759,360,1,Bắc Giang,Y
 Phan  Ðan Quỳnh,LP001451,Male,Yes,1,Yes,4172729,181235455,180,0,Bắc Giang,N
 Vũ  Bích Ngân,LP001465,Male,Yes,0,No,15336247,116143143,360,,Đà Nẵng,N
Võ  Bảo Châu,LP001469,Male,No,0,Yes,6923229,110110321,480,,Bắc Giang,Y
 Trần  Diễm Hương,LP001473,Male,No,0,No,18291604,250705786,360,1,Ninh Bình,Y
 Dương  Dạ Nguyệt,LP001478,Male,No,0,No,7863453,410317775,360,1,Đà Nẵng,Y
 Đỗ  Hồng Khanh,LP001482,Male,Yes,0,Yes,7878226,130420296,120,1,Hồ Chí Minh,Y
 Lý  Hải My,LP001487,Male,No,0,No,7176381,245261671,360,1,Đà Nẵng,Y
 Phan  Diệu Thúy,LP001488,Male,Yes,3+,No,11821184,189116398,360,1,Ninh Bình,N
 Lê  Hạ Uyên,LP001489,Female,Yes,0,No,18797474,460077088,360,1,Bắc Giang,N
 Dương  Cẩm Hường,LP001491,Male,Yes,2,Yes,11678308,433755784,360,1,Bắc Giang,Y
 Bùi  Huyền Thư,LP001492,Male,No,0,No,19128621,292652855,360,0,Hà Nội,N
 Đặng  Ánh Thơ,LP001493,Male,Yes,2,No,16413374,156222595,360,1,Hà Nội,N
 Nguyễn  Hoàng Kim,LP001497,Male,Yes,2,No,13893475,449946683,360,1,Đà Nẵng,N
 Phạm  Hồng Xuân,LP001498,Male,No,0,No,13780724,441701619,360,1,Ninh Bình,Y
 Đỗ  Huệ My,LP001504,Male,No,0,Yes,12662670,331702520,180,1,Hồ Chí Minh,Y
 Lý  Hương Liên,LP001507,Male,Yes,0,No,6143843,285733198,360,1,Bắc Ninh,Y
 Dương  Bích Phượng,LP001508,Male,Yes,2,No,19022729,287553196,180,1,Bắc Giang,Y
 Hoàng/Huỳnh  Cẩm Tú,LP001514,Female,Yes,0,No,8805340,104263361,360,1,Ninh Bình,Y
 Đỗ  Huyền Trâm,LP001516,Female,Yes,2,No,12345260,381660342,360,1,Hồ Chí Minh,Y
 Trần  Hiếu Hạnh,LP001518,Male,Yes,1,No,11161251,213834570,360,1,Hà Nội,Y
 Hoàng/Huỳnh  Huyền Trâm,LP001519,Female,No,0,No,6162542,117315624,360,1,Đà Nẵng,N
 Phạm  Hồng Xuân,LP001520,Male,Yes,0,No,12095327,158209476,360,1,Ninh Bình,Y
 Dương  Bảo Thoa,LP001528,Male,No,0,No,10230877,444844356,360,0,Hồ Chí Minh,N
 Đặng  Cam Thảo,LP001529,Male,Yes,0,Yes,7038155,150580932,360,1,Bắc Giang,Y
 Nguyễn  Diệu Ngọc,LP001531,Male,No,0,No,18295941,478309805,360,1,Ninh Bình,N
 Trần  Diễm Phượng,LP001532,Male,Yes,2,No,19477376,139482179,360,1,Đà Nẵng,N
 Bùi  Chi Mai,LP001535,Male,No,0,No,19176690,183823698,360,1,Hồ Chí Minh,Y
 Đỗ  Huỳnh Anh,LP001536,Male,Yes,3+,No,19236457,243567173,180,0,Ninh Bình,Y
 Ngô  Giang Thanh,LP001541,Male,Yes,1,No,14744189,146457837,360,,Ninh Bình,Y
 Lê  Hạ Phương,LP001543,Male,Yes,1,No,16982506,336510152,360,1,Ninh Bình,Y
 Trần  Anh Phương,LP001546,Male,No,0,,16924384,448547828,360,1,Hồ Chí Minh,Y
 Bùi  Cẩm Thúy,LP001552,Male,Yes,0,No,4965408,227526986,360,1,Ninh Bình,Y
Võ  Hoàng Hà,LP001560,Male,Yes,0,No,7162308,124259775,360,1,Ninh Bình,Y
 Dương  Huyền Thư,LP001562,Male,Yes,0,No,8572945,210231998,360,1,Ninh Bình,N
 Hoàng/Huỳnh  Bảo Anh,LP001565,Male,Yes,1,No,14264057,463986184,360,0,Bắc Ninh,N
 Phan  Diệu Loan,LP001570,Male,Yes,2,No,16673002,167009244,360,1,Đà Nẵng,Y
 Phan  Diễm Trang,LP001572,Male,Yes,0,No,5906864,450425880,180,1,Đà Nẵng,Y
 Hồ  Hoàng Miên,LP001574,Male,Yes,0,No,15734893,360382545,,1,Hà Nội,Y
 Bùi  Bảo Trúc,LP001577,Female,Yes,0,No,17494394,199967925,360,1,Bắc Giang,N
 Lý  Bạch Yến,LP001578,Male,Yes,0,No,16742038,438741722,360,1,Bắc Ninh,Y
 Bùi  Diệu Thúy,LP001579,Male,No,0,No,17018450,440211603,480,0,Hà Nội,N
 Lê  Huyền Anh,LP001580,Male,Yes,2,No,10933388,400334492,360,1,Ninh Bình,Y
 Dương  Hồng Nga,LP001581,Male,Yes,0,,15929193,323132194,360,1,Bắc Ninh,Y
 Vũ  Diễm Phượng,LP001585,,Yes,3+,No,17605170,433318598,300,1,Bắc Giang,Y
 Hồ  Hạnh San,LP001586,Male,Yes,3+,No,15241938,402479175,180,1,Đà Nẵng,N
 Phạm  Bảo Tiên,LP001594,Male,Yes,0,No,7780361,201430579,360,1,Hồ Chí Minh,Y
 Nguyễn  Hạ Tiên,LP001603,Male,Yes,0,Yes,19948948,199841374,360,1,Ninh Bình,N
 Phan  Bạch Hoa,LP001606,Male,Yes,0,No,14992602,172085026,360,1,Bắc Ninh,Y
 Phạm  Dã Lan,LP001608,Male,Yes,2,No,9899802,147409865,360,1,Bắc Ninh,Y
 Bùi  Cát Cát,LP001610,Male,Yes,3+,No,6493636,338457051,360,0,Đà Nẵng,N
 Đỗ  Diên Vỹ,LP001616,Male,Yes,1,No,14974382,495899527,360,1,Ninh Bình,Y
 Ngô  Hoài Phương,LP001630,Male,No,0,No,11187100,421778433,480,0,Đà Nẵng,N
 Phạm  Huyền Trâm,LP001633,Male,Yes,1,No,6933837,243637881,360,0,Bắc Giang,N
 Lê  Bảo Uyên,LP001634,Male,No,0,No,14977757,477512883,360,,Bắc Giang,N
 Vũ  Ðan Thu,LP001636,Male,Yes,0,No,7717303,489830815,180,1,Đà Nẵng,Y
 Đặng  Hoàng Mai,LP001637,Male,Yes,1,No,6660373,322010460,360,1,Bắc Giang,N
 Ngô  Hải Anh,LP001639,Female,Yes,0,No,14591616,117681893,360,1,Bắc Ninh,Y
Võ  Diệp Anh,LP001640,Male,Yes,0,Yes,6542584,497791698,360,1,Hà Nội,Y
 Phạm  Bích Ngà,LP001641,Male,Yes,1,Yes,10894086,438512646,300,0,Ninh Bình,N
 Trần  Bảo Thúy,LP001643,Male,Yes,0,No,10538122,184260457,360,,Bắc Giang,Y
 Đỗ  Ái Nhân,LP001644,,Yes,0,Yes,12941068,144215123,360,1,Hồ Chí Minh,Y
 Đặng  Hiếu Khanh,LP001647,Male,Yes,0,No,3113514,298848909,180,1,Đà Nẵng,Y
 Lê  Hồng Hoa,LP001653,Male,No,0,No,13246224,210251640,360,1,Ninh Bình,Y
 Hoàng/Huỳnh  Diệu Hoa,LP001656,Male,No,0,No,17530784,142935903,360,1,Ninh Bình,N
 Lê  Gia Khanh,LP001657,Male,Yes,0,No,12685631,247404259,360,1,Ninh Bình,N
 Đỗ  Hồng Ðiệp,LP001658,Male,No,0,No,16360714,127957162,360,1,Ninh Bình,Y
 Lý  Bảo Châu,LP001664,Male,No,0,No,7434686,457361951,360,1,Ninh Bình,Y
Võ  Hà Giang,LP001665,Male,Yes,1,No,19038221,404956851,360,1,Hà Nội,N
 Lý  Ái Nhân,LP001666,Male,No,0,No,17152172,204326773,360,1,Ninh Bình,Y
 Đỗ  Hoàng Cúc,LP001669,Female,No,0,No,8028921,492724841,,1,Đà Nẵng,Y
 Phạm  Bích Quyên,LP001671,Female,Yes,0,No,14365801,457735799,360,,Ninh Bình,Y
 Lê  Diễm Phượng,LP001673,Male,No,0,Yes,11088218,394217313,360,1,Hà Nội,N
 Hồ  Hoàng Oanh,LP001674,Male,Yes,1,No,15717762,108861497,360,1,Bắc Giang,Y
 Lý  Hồ Diệp,LP001677,Male,No,2,No,4322165,446663053,360,0,Ninh Bình,Y
 Phan  Diễm Hạnh,LP001682,Male,Yes,3+,No,16623151,269094242,180,1,Hồ Chí Minh,N
 Đỗ  Hoàng Hà,LP001688,Male,Yes,1,No,11297644,373563434,360,1,Hà Nội,Y
 Hồ  Hải Vân,LP001691,Male,Yes,2,No,18863912,141794928,360,1,Hà Nội,Y
 Đỗ  Ban Mai,LP001692,Female,No,0,No,7096941,324171261,360,1,Bắc Giang,Y
 Dương  Cẩm Hường,LP001693,Female,No,0,No,14934273,401011826,360,1,Đà Nẵng,Y
 Đỗ  Hà My,LP001698,Male,No,0,No,3340665,299521305,360,1,Đà Nẵng,Y
 Ngô  Hoài Trang,LP001699,Male,No,0,No,9299353,305093644,360,1,Hồ Chí Minh,Y
 Đặng  Dạ Nguyệt,LP001702,Male,No,0,No,5327842,458428803,360,1,Ninh Bình,N
 Phan  Diệu Linh,LP001708,Female,No,0,No,15377682,176277199,360,1,Ninh Bình,N
 Bùi  Hồng Nga,LP001711,Male,Yes,3+,No,5750905,246705248,360,0,Bắc Giang,N
 Đặng  Hương Nhi,LP001713,Male,Yes,1,Yes,3902309,461043404,360,1,Hà Nội,Y
 Phan  Hạnh Dung,LP001715,Male,Yes,3+,Yes,18668491,451439663,360,1,Bắc Ninh,Y
 Đặng  Bích Hậu,LP001716,Male,Yes,0,No,19483649,338139541,360,1,Hồ Chí Minh,Y
 Hồ Ái Hồng,LP001720,Male,Yes,3+,No,6971649,233808839,360,1,Bắc Giang,Y
 Nguyễn  Hoa Liên,LP001722,Male,Yes,0,No,19061854,461566171,360,1,Hồ Chí Minh,N
 Trần  Hồng Thúy,LP001726,Male,Yes,0,No,18010535,144325945,360,1,Hà Nội,Y
 Đỗ  Diệu Lan,LP001732,Male,Yes,2,,15427815,196879465,360,0,Hồ Chí Minh,N
 Đỗ  Hồng Lâm,LP001734,Female,Yes,2,No,17659950,437149530,360,,Bắc Ninh,Y
 Ngô  Diệu Hiền,LP001736,Male,Yes,0,No,8997047,182661421,360,0,Bắc Giang,N
 Lê  Hải Anh,LP001743,Male,Yes,2,No,6720913,177914488,360,1,Hà Nội,Y
 Hoàng/Huỳnh  Dạ Lan,LP001744,Male,No,0,No,19302529,389484118,360,1,Đà Nẵng,Y
 Vũ  Hoàng Mai,LP001749,Male,Yes,0,No,4046020,418608223,,1,Hà Nội,Y
 Phạm  Diễm Hương,LP001750,Male,Yes,0,No,7455524,468327962,360,1,Hồ Chí Minh,Y
 Bùi  Ban Mai,LP001751,Male,Yes,0,No,12003010,265366881,360,1,Hồ Chí Minh,N
 Phạm  Cẩm Linh,LP001754,Male,Yes,,Yes,13221894,174699829,360,1,Hồ Chí Minh,N
 Ngô  Hạnh Linh,LP001758,Male,Yes,2,No,10444301,131220607,360,1,Hồ Chí Minh,Y
Võ  Bảo Bình,LP001760,Male,,,No,12890652,491414821,480,1,Ninh Bình,Y
 Ngô  Huyền Trân,LP001761,Male,No,0,Yes,10311903,208423904,360,1,Hà Nội,Y
 Đặng  Bích San,LP001765,Male,Yes,1,No,16424671,218544868,360,1,Bắc Ninh,Y
 Hoàng/Huỳnh  Hải Ân,LP001768,Male,Yes,0,,17692639,231593059,180,1,Hồ Chí Minh,Y
 Trần  Dã Thảo,LP001770,Male,No,0,No,10417232,444654411,,1,Đà Nẵng,Y
 Đặng  Cẩm Tú,LP001776,Female,No,0,No,14315451,223327962,360,1,Hà Nội,Y
Võ  An Di,LP001778,Male,Yes,1,No,8246539,413104245,360,1,Đà Nẵng,Y
 Ngô  Diễm Kiều,LP001784,Male,Yes,1,No,6744293,367363296,360,1,Đà Nẵng,Y
 Bùi  Hồng Vân,LP001786,Male,Yes,0,,19480197,337107932,360,,Hồ Chí Minh,N
 Phan  Bích Chiêu,LP001788,Female,No,0,Yes,14519866,359081239,360,,Đà Nẵng,Y
 Đỗ  Huệ My,LP001790,Female,No,1,No,11966282,221136908,360,1,Bắc Ninh,Y
 Nguyễn  Hạnh Trang,LP001792,Male,Yes,1,No,3065360,150931915,360,1,Hà Nội,Y
 Bùi  Hoàng Cúc,LP001798,Male,Yes,2,No,11215346,315121607,360,1,Đà Nẵng,Y
 Trần  Duyên My,LP001800,Male,Yes,1,No,5261819,484987002,180,1,Đà Nẵng,N
 Vũ  Huệ Hồng,LP001806,Male,No,0,No,5520619,317968901,60,1,Hồ Chí Minh,Y
 Ngô  Diệu Nga,LP001807,Male,Yes,2,Yes,16350758,121658149,360,1,Hồ Chí Minh,Y
 Hồ  Huyền Thư,LP001811,Male,Yes,0,No,10731179,353715357,360,1,Bắc Ninh,Y
 Trần  Bảo Lan,LP001813,Male,No,0,Yes,3195301,481759660,180,1,Bắc Giang,N
 Trần  Hoài Hương,LP001814,Male,Yes,2,No,10109357,155042152,360,1,Bắc Giang,Y
 Nguyễn  Hà Phương,LP001819,Male,Yes,1,No,14090260,148243559,180,1,Hà Nội,Y
 Phan  Băng Tâm,LP001824,Male,Yes,1,No,11473597,289057855,480,1,Bắc Ninh,Y
 Bùi  Ðan Thu,LP001825,Male,Yes,0,No,4296874,387738569,360,1,Bắc Giang,Y
 Đỗ  Duyên My,LP001835,Male,Yes,0,No,10714229,270905684,360,0,Bắc Ninh,N
 Phạm  Bích Phượng,LP001836,Female,No,2,No,16375908,115464998,360,1,Hồ Chí Minh,N
Võ  Cẩm Nhi,LP001841,Male,No,0,Yes,17282896,128359391,360,1,Đà Nẵng,Y
 Đỗ Ái Hồng,LP001843,Male,Yes,1,No,10169777,148788126,180,1,Hồ Chí Minh,Y
 Phan  Diễm Quỳnh,LP001844,Male,No,0,Yes,5413181,186076881,360,0,Hồ Chí Minh,N
 Đặng  Hảo Nhi,LP001846,Female,No,3+,No,13171625,496967388,360,1,Hồ Chí Minh,Y
 Hồ  Gia Hân,LP001849,Male,No,0,No,16587641,319870755,360,0,Đà Nẵng,N
 Bùi  Diệu Anh,LP001854,Male,Yes,3+,No,12544642,497796202,360,1,Đà Nẵng,N
 Ngô  Hải Anh,LP001859,Male,Yes,0,No,17148175,103794552,360,1,Ninh Bình,N
Võ  Hoàng Yến,LP001864,Male,Yes,3+,No,5818542,319528225,360,,Đà Nẵng,N
 Ngô  Giao Linh,LP001865,Male,Yes,1,No,11342926,453504102,360,,Ninh Bình,Y
 Lý  Hồng Ðiệp,LP001868,Male,No,0,No,12330459,276005330,360,1,Đà Nẵng,Y
 Nguyễn  Hồng Ngân,LP001870,Female,No,1,No,18936509,392870621,36,1,Bắc Giang,N
 Vũ  Hải Ðường,LP001871,Female,No,0,No,16989484,311851305,360,1,Hà Nội,Y
 Lê  Hồng Nga,LP001872,Male,No,0,Yes,8846196,426739149,360,1,Đà Nẵng,Y
 Đỗ  Băng Băng,LP001875,Male,No,0,No,13906417,265597963,360,1,Ninh Bình,Y
Võ  Hải Yến,LP001877,Male,Yes,2,No,4485975,181486893,360,1,Bắc Giang,Y
 Phạm  Đan Linh,LP001882,Male,Yes,3+,No,11203779,353643273,360,0,Ninh Bình,Y
 Trần  Diệu Nương,LP001883,Female,No,0,,7151945,118335098,360,1,Ninh Bình,N
 Bùi  Duyên My,LP001884,Female,No,1,No,13795318,441140877,360,1,Bắc Ninh,Y
 Vũ  Hà Giang,LP001888,Female,No,0,No,11285963,183071065,360,1,Hồ Chí Minh,Y
 Bùi  Hồng Như,LP001891,Male,Yes,0,No,10004775,174545628,360,1,Bắc Ninh,Y
 Vũ  Dã Thảo,LP001892,Male,No,0,No,5178599,311746718,360,1,Đà Nẵng,Y
 Phạm  Diệu Hồng,LP001894,Male,Yes,0,No,9078503,154639122,360,1,Ninh Bình,Y
 Lê  Bảo Lễ,LP001896,Male,Yes,2,No,11536852,224997475,360,1,Bắc Ninh,Y
 Lý  Hoàng Lan,LP001900,Male,Yes,1,No,17774496,107140490,360,1,Ninh Bình,Y
 Phạm  Huyền Thoại,LP001903,Male,Yes,0,No,11174380,451247416,360,1,Đà Nẵng,Y
Võ  Huệ Hồng,LP001904,Male,Yes,0,No,15728116,164930914,360,1,Đà Nẵng,Y
 Lý  Hải Vân,LP001907,Male,Yes,0,No,12821639,237440669,360,1,Đà Nẵng,Y
 Phạm  Hồng Nhung,LP001908,Female,Yes,0,No,19416492,238011366,360,,Bắc Ninh,Y
 Trần  Bảo Châu,LP001910,Male,No,1,Yes,11806694,271443540,360,0,Hà Nội,N
 Lê  Hồng Khanh,LP001914,Male,Yes,0,No,17230483,282039699,360,1,Bắc Giang,Y
 Ngô  Băng Băng,LP001915,Male,Yes,2,No,15362738,381766340,180,1,Bắc Giang,Y
Võ  Diệu Hằng,LP001917,Female,No,0,No,5978542,493282899,360,1,Đà Nẵng,Y
 Lý  Hạnh Vi,LP001922,Male,Yes,0,No,8143513,240146950,360,1,Bắc Ninh,N
 Đặng  Ðoan Trang,LP001924,Male,No,0,No,14837479,191280331,360,1,Hà Nội,Y
 Trần  Bích Phượng,LP001925,Female,No,0,Yes,18295357,144643884,300,1,Hồ Chí Minh,N
 Hồ  Gia Quỳnh,LP001926,Male,Yes,0,No,10207295,246408030,360,1,Bắc Giang,Y
Võ  Diệu Lan,LP001931,Female,No,0,No,12996341,106485065,360,1,Hồ Chí Minh,Y
 Phạm  An Di,LP001935,Male,No,0,No,13635851,373812739,360,1,Bắc Ninh,Y
 Trần  Bạch Quỳnh,LP001936,Male,Yes,0,No,19714185,394036436,360,1,Hồ Chí Minh,Y
 Đặng  Ái Khanh,LP001938,Male,Yes,2,No,3750739,303128627,360,0,Hà Nội,N
 Bùi  Hàm Nghi,LP001940,Male,Yes,2,No,8083715,258669834,360,1,Đà Nẵng,Y
 Hồ  Hiếu Giang,LP001945,Female,No,,No,10609288,163054583,480,0,Đà Nẵng,N
 Hồ  Dạ Lan,LP001947,Male,Yes,0,No,10571603,329702631,360,1,Bắc Giang,Y
 Phạm  Hà Tiên,LP001949,Male,Yes,3+,,8219229,368458153,360,1,Ninh Bình,Y
 Dương  Hà Tiên,LP001953,Male,Yes,1,No,14035022,101133567,360,1,Hồ Chí Minh,Y
 Lê  Hồng Anh,LP001954,Female,Yes,1,No,11951549,379424596,360,1,Bắc Ninh,Y
 Phạm  Hoàng Thư,LP001955,Female,No,0,No,4786132,483985210,480,1,Ninh Bình,N
 Ngô  Bạch Yến,LP001963,Male,Yes,1,No,10975328,225877874,360,1,Bắc Giang,N
 Nguyễn  Hồng Hoa,LP001964,Male,Yes,0,No,18003102,425293261,360,0,Bắc Ninh,N
 Lý  Huệ My,LP001972,Male,Yes,,No,13407527,381184419,360,1,Ninh Bình,Y
 Phan  Cẩm Hiền,LP001974,Female,No,0,No,4265940,220602609,360,1,Đà Nẵng,Y
 Hoàng/Huỳnh  Hồng Khuê,LP001977,Male,Yes,1,No,9593238,113655445,360,1,Ninh Bình,Y
 Đặng  Bích Hiền,LP001978,Male,No,0,No,6712215,368109595,360,1,Bắc Ninh,Y
Võ  Ái Linh,LP001990,Male,No,0,No,9922343,101367881,360,1,Bắc Ninh,N
 Lê  Hồng Ðào,LP001993,Female,No,0,No,8283911,135741570,360,1,Đà Nẵng,Y
 Hoàng/Huỳnh  Duyên Mỹ,LP001994,Female,No,0,No,11340944,129904651,360,0,Hồ Chí Minh,N
 Phan  Hồng Oanh,LP001996,Male,No,0,No,13333068,489919861,360,1,Bắc Ninh,N
 Phan  Ðoan Thanh,LP001998,Male,Yes,2,No,9687083,481726828,360,,Đà Nẵng,Y
 Đỗ  An Bình,LP002002,Female,No,0,No,13039306,302339357,360,1,Hà Nội,Y
 Lý  Hà Thanh,LP002004,Male,No,0,No,16810738,100728113,360,1,Bắc Giang,Y
Võ  Ánh Ngọc,LP002006,Female,No,0,No,10694251,204927480,360,1,Bắc Ninh,Y
 Phan  Hồng Nhung,LP002008,Male,Yes,2,Yes,15087159,292852968,84,,Ninh Bình,Y
 Hồ  Ðông Nhi,LP002024,,Yes,0,No,5016282,247865939,360,1,Đà Nẵng,N
 Hoàng/Huỳnh  Hải Vy,LP002031,Male,Yes,1,No,11058880,308931781,180,1,Đà Nẵng,Y
 Đỗ  Dã Thảo,LP002035,Male,Yes,2,No,5665539,318883870,360,1,Hồ Chí Minh,Y
 Hoàng/Huỳnh  Bích Chiêu,LP002036,Male,Yes,0,No,12889660,404883484,360,,Hồ Chí Minh,Y
 Lý  An Bình,LP002043,Female,No,1,No,16326052,421190991,360,,Đà Nẵng,Y
 Trần  Diễm Thúy,LP002050,Male,Yes,1,Yes,9916956,396904789,360,1,Hồ Chí Minh,N
 Phạm  Hàm Ý,LP002051,Male,Yes,0,No,16155270,104320731,360,1,Hà Nội,Y
 Lý  Hoa Thiên,LP002053,Male,Yes,3+,No,16213260,304176781,360,1,Hà Nội,Y
 Phạm  Ánh Xuân,LP002054,Male,Yes,2,No,11784891,401590014,360,1,Hồ Chí Minh,Y
 Ngô  Hoài Giang,LP002055,Female,No,0,No,8676031,290570807,360,,Ninh Bình,Y
 Hồ  Bích Hà,LP002065,Male,Yes,3+,No,4623633,185303717,360,1,Hà Nội,Y
 Phạm  Dã Thảo,LP002067,Male,Yes,1,Yes,12232586,302128484,360,0,Hà Nội,N
 Phan  Bảo Phương,LP002068,Male,No,0,No,16380241,356256309,360,0,Ninh Bình,Y
 Hoàng/Huỳnh  Bích Liên,LP002082,Male,Yes,0,Yes,6809778,193152891,360,1,Hồ Chí Minh,Y
 Bùi  Hương Ly,LP002086,Female,Yes,0,No,13764985,132643854,360,1,Đà Nẵng,N
 Nguyễn  Hồng Thủy,LP002087,Female,No,0,No,12296477,379899910,360,1,Hồ Chí Minh,Y
 Hoàng/Huỳnh  Bích Ngân,LP002097,Male,No,1,No,9118282,168121971,360,1,Ninh Bình,Y
 Ngô  Hiền Hòa,LP002098,Male,No,0,No,17172218,373309121,360,1,Hà Nội,Y
 Vũ  Hàm Duyên,LP002100,Male,No,,No,6282372,327469483,360,1,Bắc Ninh,Y
 Đặng  Giáng Ngọc,LP002101,Male,Yes,0,,17201466,103286034,180,1,Bắc Giang,Y
 Phan  Hoàng Thư,LP002103,,Yes,1,Yes,13624120,404310356,180,1,Đà Nẵng,Y
 Phạm  Diễm Hằng,LP002106,Male,Yes,,Yes,9167792,440908354,,1,Hà Nội,Y
 Nguyễn  Hạnh Dung,LP002110,Male,Yes,1,,12739896,346688857,360,1,Đà Nẵng,Y
 Hoàng/Huỳnh  Hồng Như,LP002112,Male,Yes,2,Yes,13869331,441812268,360,1,Hồ Chí Minh,Y
 Nguyễn  Hồng Phúc,LP002113,Female,No,3+,No,14929720,450900127,360,0,Hồ Chí Minh,N
 Ngô  Dạ Lan,LP002114,Female,No,0,No,17457146,181170342,360,1,Đà Nẵng,Y
 Bùi  Diễm Liên,LP002115,Male,Yes,3+,No,4689507,434582066,360,1,Hồ Chí Minh,N
 Phan  Ánh Hồng,LP002116,Female,No,0,No,7572097,273601204,360,1,Hồ Chí Minh,N
 Phạm  Hạnh Vi,LP002119,Male,Yes,1,No,14050002,388810359,360,1,Hà Nội,Y
Võ  Anh Mai,LP002126,Male,Yes,3+,No,6948105,486507643,360,1,Bắc Giang,Y
 Nguyễn  Bích Loan,LP002128,Male,Yes,2,,12390044,492818306,360,1,Bắc Giang,Y
 Nguyễn  Bích Hà,LP002129,Male,Yes,0,No,17523970,122740658,360,1,Hồ Chí Minh,Y
 Vũ  Hoa Tiên,LP002130,Male,Yes,,No,10696152,277126727,360,0,Ninh Bình,N
 Vũ  Hà Thanh,LP002131,Male,Yes,2,No,15084706,188614581,360,1,Đà Nẵng,Y
 Lý  Anh Thư,LP002137,Male,Yes,0,No,16322731,342160500,360,,Bắc Ninh,Y
 Bùi  Bích Nga,LP002138,Male,Yes,0,No,8420169,462451574,360,1,Hà Nội,Y
 Nguyễn  Cẩm Vân,LP002139,Male,Yes,0,No,8258368,482261999,360,1,Đà Nẵng,Y
Võ  Hồng Xuân,LP002140,Male,No,0,No,3650731,372307621,360,1,Đà Nẵng,N
 Đặng  Hằng Anh,LP002141,Male,Yes,3+,No,9391682,105298383,360,1,Bắc Giang,Y
 Phan  Huyền Thư,LP002142,Female,Yes,0,Yes,4884641,270874408,360,0,Ninh Bình,N
Võ  Diệu Hương,LP002143,Female,Yes,0,No,17069458,142005620,360,1,Bắc Ninh,Y
 Phạm  Duyên My,LP002144,Female,No,,No,13668254,425756755,180,1,Hà Nội,Y
 Bùi  Ánh Mai,LP002149,Male,Yes,2,No,4142005,221965625,360,1,Hà Nội,Y
 Đặng  Bảo Trân,LP002151,Male,Yes,1,No,8445397,386825279,360,1,Bắc Ninh,N
 Đặng  Huệ Thương,LP002158,Male,Yes,0,No,9976874,309824010,480,0,Bắc Giang,N
 Đỗ  Diệp Vy,LP002160,Male,Yes,3+,No,15775480,153049207,360,1,Bắc Giang,Y
 Dương  Hồng Thắm,LP002161,Female,No,1,No,12865370,140010290,360,1,Hà Nội,N
 Vũ  Hoàng Cúc,LP002170,Male,Yes,2,No,17143291,495019266,360,1,Hồ Chí Minh,Y
 Bùi  Hồng Ngân,LP002175,Male,Yes,0,No,19792483,404548477,360,1,Bắc Giang,Y
 Ngô  Cẩm Yến,LP002178,Male,Yes,0,No,12484170,211053834,300,,Hồ Chí Minh,Y
 Vũ  Di Nhiên,LP002180,Male,No,0,Yes,9288716,359427201,360,1,Đà Nẵng,Y
 Phan  Bảo Quỳnh,LP002181,Male,No,0,No,9894640,372388685,360,1,Hồ Chí Minh,N
 Lý  Bích Thu,LP002187,Male,No,0,No,16352461,264698553,480,1,Hồ Chí Minh,N
 Ngô  Cẩm Ly,LP002188,Male,No,0,No,14303045,273194738,,0,Hà Nội,N
 Phan  Bích Hợp,LP002190,Male,Yes,1,No,8310415,346120987,360,1,Bắc Giang,Y
 Dương  Hoa Liên,LP002191,Male,Yes,0,No,9859627,371035717,360,1,Hà Nội,N
 Lý  Bảo Anh,LP002194,Female,No,0,Yes,5916530,373885674,360,1,Bắc Ninh,Y
 Nguyễn  Hoàng Mai,LP002197,Male,Yes,2,No,12774201,160120689,360,1,Bắc Giang,Y
Võ  Bảo Vy,LP002201,Male,Yes,2,Yes,18106919,314200389,300,1,Bắc Ninh,Y
 Nguyễn  Huyền Trân,LP002205,Male,No,1,No,8872731,196436391,180,0,Hồ Chí Minh,N
 Trần  Diệu Ngọc,LP002209,Female,No,0,,4113924,104394064,360,1,Hồ Chí Minh,Y
 Lý  Ánh Hồng,LP002211,Male,Yes,0,No,10346574,374538187,180,1,Bắc Ninh,Y
 Phan  Hương Lan,LP002219,Male,Yes,3+,No,15780172,351944486,360,1,Ninh Bình,Y
 Đặng  Dạ Thảo,LP002223,Male,Yes,0,No,14391108,298403544,360,,Hà Nội,Y
 Vũ  Hạ Phương,LP002224,Male,No,0,No,12732935,128929182,480,1,Hà Nội,N
 Hoàng/Huỳnh  Ái Khanh,LP002225,Male,Yes,2,No,17664804,416126945,360,1,Hà Nội,Y
Võ  Duy Hạnh,LP002226,Male,Yes,0,,17901982,484743417,360,1,Ninh Bình,Y
 Lê  Bảo Lễ,LP002229,Male,No,0,No,5787952,266910417,360,1,Bắc Giang,Y
 Hoàng/Huỳnh  Hoàn Vi,LP002231,Female,No,0,No,6397820,194090963,360,1,Ninh Bình,Y
Võ  Giang Thanh,LP002234,Male,No,0,Yes,16183431,145740545,360,1,Bắc Ninh,Y
 Nguyễn  Hồng Châu,LP002236,Male,Yes,2,No,8406528,103305843,360,1,Bắc Giang,N
 Lê  Bích Vân,LP002237,Male,No,1,,12382693,266727134,180,1,Đà Nẵng,Y
 Dương  Huệ My,LP002239,Male,No,0,No,7952124,124893097,360,1,Hà Nội,Y
 Dương  Anh Thi,LP002243,Male,Yes,0,No,17958103,494491978,360,0,Ninh Bình,N
 Dương  Hải Ngân,LP002244,Male,Yes,0,No,9773108,103096112,360,1,Bắc Ninh,Y
 Trần  Bảo Anh,LP002250,Male,Yes,0,No,12622918,211086771,360,1,Bắc Giang,Y
 Phan  Ánh Tuyết,LP002255,Male,No,3+,No,8414435,207609765,360,1,Bắc Ninh,Y
 Lý  Hạnh Trang,LP002262,Male,Yes,3+,No,5709498,174205410,360,1,Hồ Chí Minh,Y
 Phạm  Hà Nhi,LP002263,Male,Yes,0,No,15339476,261092401,360,,Bắc Giang,Y
 Dương  Ánh Hoa,LP002265,Male,Yes,2,No,3032694,432330572,180,1,Hà Nội,Y
 Đỗ  Hải Anh,LP002266,Male,Yes,2,No,16582824,417793599,360,1,Đà Nẵng,Y
Võ  Hải Châu,LP002272,Male,Yes,2,No,3108274,368314668,360,,Bắc Ninh,Y
 Lê  Giao Linh,LP002277,Female,No,0,No,19611635,225202805,360,0,Đà Nẵng,N
 Nguyễn  Diệu Hồng,LP002281,Male,Yes,0,No,18885595,213955576,360,1,Ninh Bình,Y
 Đỗ  Huyền Anh,LP002284,Male,No,0,No,15459630,161518886,360,1,Hồ Chí Minh,Y
 Phạm  Hương Lan,LP002287,Female,No,0,No,7097988,133965568,360,0,Hà Nội,N
 Phạm  Huyền Anh,LP002288,Male,Yes,2,No,10294029,349579231,180,0,Ninh Bình,N
 Đỗ  Huỳnh Anh,LP002296,Male,No,0,No,13678846,439864459,300,1,Ninh Bình,N
 Hoàng/Huỳnh  Diệu Hạnh,LP002297,Male,No,0,No,12937150,436572479,360,1,Hồ Chí Minh,Y
 Phan  Hồng Lâm,LP002300,Female,No,0,No,13522873,257705767,360,1,Đà Nẵng,Y
 Hồ  Ánh Hồng,LP002301,Female,No,0,Yes,3215619,444893522,360,1,Hà Nội,N
 Phạm  Huệ My,LP002305,Female,No,0,No,4667664,112306231,360,1,Đà Nẵng,Y
 Nguyễn  Bích Hồng,LP002308,Male,Yes,0,No,13308799,185173035,360,1,Hồ Chí Minh,Y
Võ  Ánh Trang,LP002314,Female,No,0,No,12154693,429812003,360,1,Hà Nội,Y
 Dương  Diễm Phúc,LP002315,Male,Yes,1,No,16287691,470637101,300,0,Bắc Ninh,N
 Phạm  Hạnh Trang,LP002317,Male,Yes,3+,No,19189146,417451713,360,0,Hồ Chí Minh,N
 Lý  Hồng Châu,LP002318,Female,No,1,Yes,18902315,146561005,360,1,Bắc Giang,N
Võ  Bạch Liên,LP002319,Male,Yes,0,,11723082,244027838,360,,Bắc Ninh,Y
 Ngô  Ánh Hồng,LP002328,Male,Yes,0,No,8438549,106482166,360,0,Bắc Giang,N
 Hồ  Bích Quân,LP002332,Male,Yes,0,No,7060565,110077282,360,1,Bắc Ninh,Y
 Bùi  Bạch Hoa,LP002335,Female,Yes,0,No,18786122,453722669,360,0,Bắc Ninh,N
 Lê  Giao Linh,LP002337,Female,No,0,No,18180644,172770676,360,1,Đà Nẵng,Y
 Dương  Bích Hồng,LP002341,Female,No,1,No,10294752,233522499,360,1,Hà Nội,N
 Dương  Băng Băng,LP002342,Male,Yes,2,Yes,17090235,229065369,360,1,Ninh Bình,N
 Dương  Bích Hậu,LP002345,Male,Yes,0,No,7453618,497458872,360,1,Bắc Giang,Y
 Đỗ  Bảo Lễ,LP002347,Male,Yes,0,No,9546581,191253595,360,1,Hà Nội,Y
 Trần  Hồng Ngọc,LP002348,Male,Yes,0,No,15526343,124786212,360,1,Hà Nội,Y
Võ  Bạch Cúc,LP002357,Female,No,0,No,6993413,381636585,,0,Ninh Bình,N
 Ngô  Hoài Trang,LP002361,Male,Yes,0,No,9557225,477599068,360,1,Đà Nẵng,Y
 Bùi  Diệu Anh,LP002362,Male,Yes,1,No,18277817,472696658,,0,Hà Nội,N
 Lý  Diễm Thảo,LP002364,Male,Yes,0,No,3000615,368346335,360,1,Bắc Giang,Y
 Dương  Hạ Phương,LP002366,Male,Yes,0,No,10944756,156464756,360,1,Ninh Bình,Y
 Đặng  Hà Liên,LP002367,Female,No,1,No,3191119,213430642,360,1,Bắc Giang,N
 Hồ  Chi Lan,LP002368,Male,Yes,2,No,8719552,497298220,360,1,Đà Nẵng,Y
 Trần  Cẩm Thúy,LP002369,Male,Yes,0,No,19491250,286009001,360,1,Ninh Bình,Y
Võ  Hà Thanh,LP002370,Male,No,0,No,6650407,312967472,180,1,Ninh Bình,Y
 Nguyễn  An Hằng,LP002377,Female,No,1,Yes,19523556,471739012,360,1,Bắc Giang,Y
 Đặng  Bích Thoa,LP002379,Male,No,0,No,8093622,275581084,360,0,Đà Nẵng,N
 Đỗ  Dã Lan,LP002386,Male,No,0,,12779899,478868157,360,1,Hà Nội,Y
 Vũ  Duyên Nương,LP002387,Male,Yes,0,No,17255146,332921891,360,1,Bắc Ninh,Y
 Hoàng/Huỳnh  Ánh Tuyết,LP002390,Male,No,0,No,13955865,315187538,360,1,Hà Nội,Y
 Phạm  Dạ Thảo,LP002393,Female,,,No,11347537,180043492,240,1,Hồ Chí Minh,Y
 Hồ  Hải Phượng,LP002398,Male,No,0,No,12976902,269362093,360,1,Hồ Chí Minh,Y
 Hồ  Bích Huệ,LP002401,Male,Yes,0,No,17909375,295196065,360,1,Bắc Ninh,Y
 Lê  Anh Thơ,LP002403,Male,No,0,Yes,4202005,107169731,360,0,Hà Nội,N
 Phạm  Diệu Hiền,LP002407,Female,Yes,0,Yes,19891683,348404288,360,1,Bắc Ninh,Y
 Lý  Hạ Phương,LP002408,Male,No,0,No,13883630,285501539,360,1,Hồ Chí Minh,Y
 Hồ  Hạnh San,LP002409,Male,Yes,0,No,6379669,247385264,360,1,Đà Nẵng,Y
 Phan  Huỳnh Anh,LP002418,Male,No,3+,No,18824328,176189859,360,1,Ninh Bình,Y
 Ngô  Bích Thủy,LP002422,Male,No,1,No,8670465,121800599,360,1,Hồ Chí Minh,Y
 Bùi  Diệp Vy,LP002424,Male,Yes,0,No,13716861,389431244,300,,Bắc Ninh,Y
 Phạm  Diễm My,LP002429,Male,Yes,1,Yes,10141506,425843250,360,1,Bắc Giang,Y
 Ngô  Bảo Châu,LP002434,Male,Yes,2,No,16279125,125476978,360,1,Đà Nẵng,Y
 Dương  Bảo Ngọc,LP002435,Male,Yes,0,,13188808,329831727,360,1,Bắc Ninh,N
 Đặng  Bội Linh,LP002443,Male,Yes,2,No,13872182,434849300,360,0,Đà Nẵng,N
 Hoàng/Huỳnh  Bảo Thoa,LP002444,Male,No,1,Yes,14062522,495108699,360,,Hồ Chí Minh,N
Võ  Hải Mỹ,LP002446,Male,Yes,2,No,4680288,224011525,360,0,Hà Nội,N
 Hồ  Hồng Hạnh,LP002447,Male,Yes,2,No,12695902,130436091,300,,Ninh Bình,Y
 Đặng  Hồng Nga,LP002448,Male,Yes,0,No,3436923,434063807,360,0,Ninh Bình,N
 Hồ  Diễm Hạnh,LP002449,Male,Yes,0,No,9285489,307605633,180,0,Bắc Ninh,Y
 Trần  Anh Ðào,LP002453,Male,No,0,Yes,7672550,175125334,360,1,Bắc Ninh,Y
 Bùi  Bảo Trân,LP002455,Male,Yes,2,No,13948895,341760314,360,1,Đà Nẵng,Y
 Đặng  Bảo Uyên,LP002459,Male,Yes,0,No,11943843,248305048,360,1,Bắc Ninh,Y
 Ngô  Bích Hà,LP002467,Male,Yes,0,No,16855306,403456547,360,1,Hồ Chí Minh,N
 Lê  Diệu Anh,LP002472,Male,No,2,No,6222198,214153197,360,1,Hồ Chí Minh,Y
 Bùi  Bạch Kim,LP002473,Male,Yes,0,No,19707318,173081189,360,1,Ninh Bình,N
 Trần  Hương Thu,LP002478,,Yes,0,Yes,6972260,136403843,360,,Đà Nẵng,Y
 Phan  Anh Hương,LP002484,Male,Yes,3+,No,5640794,299149842,180,1,Đà Nẵng,Y
 Nguyễn  Ánh Ngọc,LP002487,Male,Yes,0,No,17075352,405163751,360,1,Đà Nẵng,Y
 Vũ  Hà Mi,LP002489,Female,No,1,,19226537,115418523,360,1,Hồ Chí Minh,Y
 Trần  Hiền Nhi,LP002493,Male,No,0,No,6610296,260670432,360,0,Ninh Bình,N
 Nguyễn  An Nhàn,LP002494,Male,No,0,No,19805306,347673963,360,1,Ninh Bình,Y
 Phan  Diệu Nương,LP002500,Male,Yes,3+,No,3251159,487908036,180,0,Ninh Bình,N
 Nguyễn  Gia Quỳnh,LP002501,,Yes,0,No,15268551,274999073,360,1,Hà Nội,Y
 Lý  Hương Nhi,LP002502,Female,Yes,2,,10846741,168052973,360,1,Ninh Bình,Y
 Lý  Hoàng Oanh,LP002505,Male,Yes,0,No,7535458,227529016,360,1,Hồ Chí Minh,N
 Vũ  Ánh Nguyệt,LP002515,Male,Yes,1,Yes,15689627,212422960,360,1,Bắc Giang,Y
 Nguyễn  Chi Mai,LP002517,Male,Yes,1,No,19843033,115559833,180,0,Hà Nội,N
 Trần  Đan Linh,LP002519,Male,Yes,3+,No,16685423,473027221,360,1,Bắc Giang,Y
 Đặng  Hồng Lâm,LP002522,Female,No,0,Yes,7638144,370065260,360,,Đà Nẵng,Y
 Đỗ  Bích Hải,LP002524,Male,No,2,No,8924062,452360386,360,1,Bắc Ninh,Y
 Phan  Bích Chiêu,LP002527,Male,Yes,2,Yes,4460133,174064800,360,1,Ninh Bình,Y
 Dương  Diễm Phượng,LP002529,Male,Yes,2,No,4282759,492480460,300,1,Hà Nội,Y
 Phan  Huyền Trang,LP002530,,Yes,2,No,17402937,196456305,360,0,Đà Nẵng,N
 Phan  Huệ Phương,LP002531,Male,Yes,1,Yes,14071131,389199961,360,1,Đà Nẵng,Y
 Lê  Bạch Mai,LP002533,Male,Yes,2,No,15253978,295762546,360,1,Hà Nội,N
Võ  An Bình,LP002534,Female,No,0,No,7260258,128324567,360,1,Bắc Ninh,Y
 Phan  Duyên My,LP002536,Male,Yes,3+,No,8621507,106074609,360,1,Bắc Ninh,Y
 Nguyễn  Bích Lam,LP002537,Male,Yes,0,No,15443677,295349011,360,1,Đà Nẵng,Y
 Bùi  Hương Nhi,LP002541,Male,Yes,0,No,16777335,356688551,360,1,Ninh Bình,Y
 Vũ  Chi Lan,LP002543,Male,Yes,2,No,15990292,367445507,360,1,Hà Nội,Y
 Lê  Dạ Yến,LP002544,Male,Yes,1,No,3529599,498815733,360,1,Hồ Chí Minh,Y
 Đỗ  Bích Ngọc,LP002545,Male,No,2,No,12011108,131180016,360,0,Ninh Bình,N
 Hoàng/Huỳnh  Hoài An,LP002547,Male,Yes,1,No,11775655,316406678,360,1,Đà Nẵng,N
Võ  Bảo Trúc,LP002555,Male,Yes,2,Yes,3638321,262447723,360,1,Đà Nẵng,Y
 Đỗ  Hồng Phương,LP002556,Male,No,0,No,11245030,366606586,360,1,Đà Nẵng,N
 Lý  Ái Thy,LP002560,Male,No,0,No,10425969,272033323,360,,Bắc Giang,Y
 Bùi  Bích Hồng,LP002562,Male,Yes,1,No,13899156,136392410,360,,Hồ Chí Minh,Y
 Trần  Hồng Nga,LP002571,Male,No,0,No,4661276,479650516,360,1,Bắc Ninh,Y
 Dương  Diễm Phượng,LP002582,Female,No,0,Yes,5584093,245519957,360,1,Ninh Bình,Y
 Đặng  Ánh Hoa,LP002585,Male,Yes,0,No,19348117,424584854,360,0,Đà Nẵng,N
 Nguyễn  Diễm Thảo,LP002586,Female,Yes,1,No,8379757,447897811,84,1,Ninh Bình,Y
 Hồ  Cẩm Hiền,LP002587,Male,Yes,0,No,5757118,225157494,360,1,Hà Nội,Y
 Hồ  Ðinh Hương,LP002588,Male,Yes,0,No,9145439,299646478,12,,Hồ Chí Minh,Y
 Vũ  Ánh Linh,LP002600,Male,Yes,1,Yes,3029857,498807087,360,1,Ninh Bình,Y
 Hoàng/Huỳnh  Dã Lan,LP002602,Male,No,0,No,9153974,331335289,360,0,Hồ Chí Minh,N
 Lê  Hương Trà,LP002603,Female,No,0,No,17449284,144946514,480,1,Đà Nẵng,Y
 Đỗ  Diễm Thảo,LP002606,Female,No,0,No,9213722,180477816,360,1,Hà Nội,Y
 Phan  Bích Ðào,LP002615,Male,Yes,2,No,8979687,391662535,360,1,Đà Nẵng,Y
 Đỗ  Gia Quỳnh,LP002618,Male,Yes,1,No,7724255,135366327,360,,Đà Nẵng,N
 Phan  Hà Giang,LP002619,Male,Yes,0,No,10086880,383827890,300,1,Ninh Bình,Y
 Bùi  Hoài Hương,LP002622,Male,Yes,2,No,13437786,200943231,360,1,Bắc Ninh,Y
 Ngô  Ðông Nhi,LP002624,Male,Yes,0,No,13239383,130902619,360,,Ninh Bình,Y
 Hồ  An Nhiên,LP002625,,No,0,No,14376924,462622247,360,1,Bắc Giang,N
 Ngô  Dã Lan,LP002626,Male,Yes,0,Yes,17181486,357319265,360,1,Bắc Ninh,Y
 Phan  Ðông Tuyền,LP002634,Female,No,1,No,4594364,460264282,360,1,Bắc Giang,Y
 Bùi  Ánh Trang,LP002637,Male,No,0,No,8971241,422402546,360,1,Hà Nội,N
 Lê  Diệp Anh,LP002640,Male,Yes,1,No,3119504,129082886,360,1,Hồ Chí Minh,Y
 Trần  Hàm Nghi,LP002643,Male,Yes,2,No,7801458,252310659,360,1,Bắc Giang,Y
 Đặng  Bạch Hoa,LP002648,Male,Yes,0,No,15973988,306019662,180,1,Đà Nẵng,N
 Phạm  Hoàng Hà,LP002652,Male,No,0,No,11860676,186064461,360,1,Hà Nội,N
 Nguyễn  Cẩm Hiền,LP002659,Male,Yes,3+,No,9301312,168231125,360,1,Hà Nội,Y
 Lý  Huyền Trân,LP002670,Female,Yes,2,No,14625527,109462537,480,1,Hà Nội,Y
 Lê  Hạnh Thảo,LP002682,Male,Yes,,No,17903843,385818960,360,0,Hà Nội,N
 Phạm  Bạch Vân,LP002683,Male,No,0,No,12188400,289200797,360,1,Ninh Bình,N
 Nguyễn  Bảo Anh,LP002684,Female,No,0,No,19062024,473556394,360,1,Hà Nội,N
 Lê  Đan Thư,LP002689,Male,Yes,2,No,4967636,189002860,360,1,Bắc Ninh,Y
 Bùi  Hảo Nhi,LP002690,Male,No,0,No,10232493,481140986,360,1,Bắc Ninh,Y
 Lý  Ánh Linh,LP002692,Male,Yes,3+,Yes,9495871,193112462,360,1,Hà Nội,Y
 Hồ  Bảo Anh,LP002693,Male,Yes,2,Yes,9423716,471502192,360,1,Ninh Bình,Y
 Nguyễn  Bạch Cúc,LP002697,Male,No,0,No,18091958,122536148,360,1,Đà Nẵng,N
 Ngô  Bảo Thoa,LP002699,Male,Yes,2,Yes,7002676,330825634,360,1,Hồ Chí Minh,Y
Võ  Hạnh Chi,LP002705,Male,Yes,0,No,17455215,161460194,360,1,Bắc Ninh,Y
 Lý  Diễm Hằng,LP002706,Male,Yes,1,No,14704666,469396165,360,0,Bắc Giang,Y
 Trần  Hương Tiên,LP002714,Male,No,1,No,12731442,499132538,360,1,Hồ Chí Minh,Y
 Hồ  Bạch Kim,LP002716,Male,No,0,No,7332640,480231106,360,1,Hà Nội,Y
 Đỗ  Bích Phượng,LP002717,Male,Yes,0,No,11355138,328549323,360,,Hà Nội,Y
 Vũ  Ánh Mai,LP002720,Male,Yes,3+,No,4950775,488377065,360,1,Bắc Ninh,Y
 Lê  Ái Linh,LP002723,Male,No,2,No,16886700,118322166,360,0,Hồ Chí Minh,N
 Vũ  Hải Châu,LP002729,Male,No,1,No,3306949,366808834,360,,Ninh Bình,N
 Trần  Duy Mỹ,LP002731,Female,No,0,Yes,7886342,209989800,360,1,Đà Nẵng,Y
 Phạm  Ðông Tuyền,LP002732,Male,No,0,,17394999,187981408,360,1,Đà Nẵng,Y
Võ  Đan Thư,LP002734,Male,Yes,0,No,14196848,152985308,360,1,Hà Nội,Y
 Bùi  Hồng Thủy,LP002738,Male,No,2,No,9365702,109984377,360,1,Đà Nẵng,Y
 Lê  Hồng Nhung,LP002739,Male,Yes,0,No,18925590,152679550,360,1,Hồ Chí Minh,N
 Hoàng/Huỳnh  Huyền Trâm,LP002740,Male,Yes,3+,No,13302059,412334338,180,1,Ninh Bình,Y
 Hồ  Hồng Lâm,LP002741,Female,Yes,1,No,4074283,156701804,180,1,Bắc Ninh,Y
 Đỗ  Hải Thanh,LP002743,Female,No,0,No,3050031,371507082,360,0,Đà Nẵng,N
 Nguyễn  Diễm Kiều,LP002753,Female,No,1,,15563631,420905680,360,1,Hồ Chí Minh,Y
 Lê  Huyền Linh,LP002755,Male,Yes,1,No,14109553,312073816,360,1,Hà Nội,Y
Võ  Hải Phương,LP002757,Female,Yes,0,No,18598934,139069849,360,,Bắc Giang,Y
 Ngô  Anh Chi,LP002767,Male,Yes,0,No,18300869,486431391,360,1,Ninh Bình,Y
 Lê  Ái Khanh,LP002768,Male,No,0,No,7388608,353383624,36,1,Hồ Chí Minh,N
 Phan  Hương Tiên,LP002772,Male,No,0,No,11565915,357082764,360,1,Ninh Bình,Y
 Đỗ  Bảo Hà,LP002776,Female,No,0,No,5352160,276543731,360,0,Đà Nẵng,N
 Phạm  Cẩm Nhi,LP002777,Male,Yes,0,No,3609971,275839054,360,1,Ninh Bình,Y
 Hồ  Anh Thy,LP002778,Male,Yes,2,Yes,8762411,323973848,360,0,Hà Nội,N
 Hồ  Hải Nhi,LP002784,Male,Yes,1,No,19156523,226792581,360,1,Ninh Bình,Y
 Lê  Hoài Trang,LP002785,Male,Yes,1,No,18207347,462296564,360,1,Bắc Ninh,Y
Võ  Hồng Lâm,LP002788,Male,Yes,0,No,13156771,395510788,360,0,Hồ Chí Minh,N
 Dương  Diễm Hương,LP002789,Male,Yes,0,No,13973780,389842833,180,0,Ninh Bình,N
 Hồ  Duyên Nương,LP002792,Male,Yes,1,No,4738920,280730142,360,1,Ninh Bình,Y
 Vũ  Hải Vân,LP002794,Female,No,0,No,11825705,101220177,360,,Hồ Chí Minh,Y
 Phan  Hồng Khanh,LP002795,Male,Yes,3+,Yes,5387088,476275191,360,1,Hà Nội,Y
 Nguyễn  Hà Giang,LP002798,Male,Yes,0,No,6435245,242436880,360,1,Đà Nẵng,Y
 Đặng  Huệ Lâm,LP002804,Female,Yes,0,No,19550573,169177768,360,1,Đà Nẵng,Y
 Trần  Hương Giang,LP002807,Male,Yes,2,No,18739911,167383951,360,1,Hà Nội,Y
Võ Ái Hồng,LP002813,Female,Yes,1,Yes,13997850,338253168,360,1,Bắc Giang,Y
 Bùi  Huyền Thoại,LP002820,Male,Yes,0,No,14127507,267805143,360,1,Ninh Bình,Y
 Hồ  Diệu Hiền,LP002821,Male,No,0,Yes,11559497,261729638,360,1,Hồ Chí Minh,Y
Võ  Hàm Ý,LP002832,Male,Yes,2,No,17417414,484335270,360,0,Hồ Chí Minh,N
 Bùi  Ái Linh,LP002833,Male,Yes,0,No,16641320,158979374,360,,Đà Nẵng,Y
 Hồ  Họa Mi,LP002836,Male,No,0,No,5586449,105070650,360,1,Hồ Chí Minh,Y
 Phạm  Bảo Hà,LP002837,Male,Yes,3+,No,8640532,312513441,360,0,Hồ Chí Minh,N
 Bùi  Hoài Thương,LP002840,Female,No,0,No,5927824,490398647,360,1,Hà Nội,N
 Dương  Huyền Thư,LP002841,Male,Yes,0,No,11887021,369338750,360,0,Bắc Giang,N
 Dương  Cẩm Thúy,LP002842,Male,Yes,1,No,5967297,119874742,360,1,Đà Nẵng,Y
 Phạm  Diễm Lộc,LP002847,Male,Yes,,No,7015252,214035816,360,0,Ninh Bình,N
 Dương  Bảo Huệ,LP002855,Male,Yes,2,No,14558061,388937615,360,1,Ninh Bình,Y
 Phan  Hiếu Khanh,LP002862,Male,Yes,2,No,12497287,356399354,480,1,Hà Nội,N
 Vũ  Ðông Nhi,LP002863,Male,Yes,3+,No,8622495,152748640,360,1,Hồ Chí Minh,N
 Đặng  Cẩm Hiền,LP002868,Male,Yes,2,No,17371712,102111618,84,1,Đà Nẵng,Y
 Lê  Hồng Oanh,LP002872,,Yes,0,No,6133445,464748374,360,0,Đà Nẵng,N
Võ  Anh Thư,LP002874,Male,No,0,No,7661173,395893421,360,1,Bắc Giang,Y
 Phan  Hiền Mai,LP002877,Male,Yes,1,No,6443125,201125667,360,1,Bắc Ninh,Y
 Phạm  Gia Nhi,LP002888,Male,No,0,,13083671,449910544,360,1,Bắc Giang,Y
 Đỗ  Giáng Tiên,LP002892,Male,Yes,2,No,17785027,143847094,360,1,Bắc Giang,Y
 Bùi  Hạnh Linh,LP002893,Male,No,0,No,6365000,154648558,360,1,Hồ Chí Minh,N
 Dương  Bích Huệ,LP002894,Female,Yes,0,No,8189425,174138883,360,1,Ninh Bình,Y
 Lý  Bích Vân,LP002898,Male,Yes,1,No,13999559,221266675,360,,Bắc Ninh,N
 Hồ  Hồng Xuân,LP002911,Male,Yes,1,No,11883874,199973133,360,0,Ninh Bình,N
 Bùi  Đan Linh,LP002912,Male,Yes,1,No,16808471,396657089,84,1,Bắc Ninh,N
 Trần  Hải Sinh,LP002916,Male,Yes,0,No,12540505,373793619,360,1,Bắc Ninh,Y
 Nguyễn  Bảo Hà,LP002917,Female,No,0,No,9538878,357844210,360,1,Hà Nội,Y
 Lê  Hải Vân,LP002925,,No,0,No,11108324,442858522,360,1,Hà Nội,Y
 Bùi  Bạch Cúc,LP002926,Male,Yes,2,Yes,19192275,418362551,360,0,Hồ Chí Minh,N
 Bùi  Hải Anh,LP002928,Male,Yes,0,No,6863707,170329831,180,1,Hà Nội,Y
 Ngô  Hồng Tâm,LP002931,Male,Yes,2,Yes,11259279,151837307,240,1,Hà Nội,N
 Đặng  Ái Nhân,LP002933,,No,3+,Yes,16520715,247051064,360,1,Hà Nội,Y
Võ  Dạ Thi,LP002936,Male,Yes,0,No,18693099,316653130,180,1,Đà Nẵng,Y
 Trần  Bích Huệ,LP002938,Male,Yes,0,Yes,11769097,179359902,360,1,Hồ Chí Minh,Y
 Nguyễn  Hàm Duyên,LP002940,Male,No,0,No,8353716,102395330,360,1,Hà Nội,Y
 Lý  Hồng Ngân,LP002941,Male,Yes,2,Yes,12254519,325793773,360,1,Hà Nội,N
 Lê  Hải My,LP002943,Male,No,,No,10495530,470461355,360,0,Hồ Chí Minh,N
 Hoàng/Huỳnh  Bảo Phương,LP002945,Male,Yes,0,Yes,10342741,276291891,360,1,Đà Nẵng,Y
 Ngô  Hải Sinh,LP002948,Male,Yes,2,No,7044392,111434923,360,1,Hồ Chí Minh,Y
 Vũ  Huệ An,LP002949,Female,No,3+,,7367312,213659492,180,,Bắc Giang,N
 Dương  Bích Phượng,LP002950,Male,Yes,0,,7213804,153418211,360,1,Hồ Chí Minh,Y
 Phan  Bích Chiêu,LP002953,Male,Yes,3+,No,8632074,131652637,360,1,Đà Nẵng,Y
Võ  Ánh Mai,LP002958,Male,No,0,No,11296742,413695258,360,1,Hồ Chí Minh,Y
 Trần  Hoàng Cúc,LP002959,Female,Yes,1,No,5017811,132907744,360,1,Hà Nội,Y
 Lý  Huệ Thương,LP002960,Male,Yes,0,No,12370946,136371958,180,1,Hà Nội,N
 Trần  Băng Băng,LP002961,Male,Yes,1,No,9663372,117551255,360,1,Đà Nẵng,Y
 Đặng  Bích Phượng,LP002964,Male,Yes,2,No,19054068,384687041,360,1,Ninh Bình,Y
 Đỗ  Bảo Uyên,LP002974,Male,Yes,0,No,5302239,330339794,360,1,Hà Nội,Y
 Dương  Ánh Trang,LP002978,Female,No,0,No,14515234,380214413,360,1,Ninh Bình,Y
 Bùi  Ánh Linh,LP002979,Male,Yes,3+,No,8145040,257690916,180,1,Bắc Ninh,Y
 Lê  Bích Như,LP002983,Male,Yes,1,No,11305793,397597763,360,1,Ninh Bình,Y
 Dương  Hồng Châu,LP002984,Male,Yes,2,No,8787219,172351451,360,1,Bắc Giang,Y
 Bùi  Hiểu Vân,LP002990,Female,No,0,Yes,10068668,405871113,360,0,Hồ Chí Minh,N
